t,action,vx,vy,vz,x,y,z,collided
0.55,hover,0.0,0.0,0.0,0.0,0.0,-2.6862430572509766,1
1.09,forward,3.0,0.0,0.0,0.25415852665901184,3.8221315001862877e-11,-2.854534387588501,0
1.66,forward,3.0,0.0,0.0,1.082177996635437,3.5854716418093346e-10,-2.985301971435547,0
2.2,hover,0.0,0.0,0.0,2.095716714859009,3.024926975569997e-09,-3.0666396617889404,0
2.74,right,2.0,-1.5,0.0,2.791471481323242,-0.11302483081817627,-3.130880117416382,0
3.29,left,2.0,1.5,0.0,3.6106066703796387,-0.2865698039531708,-3.232741594314575,0
3.84,left,2.0,1.5,0.0,4.541282653808594,-0.04050116986036301,-3.3201870918273926,0
4.38,left,2.0,1.5,0.0,5.49405574798584,0.4607726037502289,-3.3386447429656982,0
4.91,hover,0.0,0.0,0.0,6.319303512573242,0.9827054142951965,-3.4571034908294678,0
5.45,forward,3.0,0.0,0.0,6.99165153503418,1.2775746583938599,-3.5568010807037354,0
6.0,hover,0.0,0.0,0.0,7.794841289520264,1.4232383966445923,-3.6263253688812256,0
6.55,hover,0.0,0.0,0.0,8.25977611541748,1.4924832582473755,-3.6901135444641113,0
7.08,descend,0.0,0.0,1.0,8.50936508178711,1.5290168523788452,-3.29959774017334,0
7.62,forward,3.0,0.0,0.0,8.910280227661133,1.5448206663131714,-3.2862513065338135,0
8.15,descend,0.0,0.0,1.0,9.618271827697754,1.5514482259750366,-3.0365211963653564,0
8.69,ascend,0.0,0.0,-1.0,9.99341106414795,1.5542621612548828,-3.245314359664917,0
9.22,forward,3.0,0.0,0.0,10.354745864868164,1.5555088520050049,-3.5759036540985107,0
9.75,forward,3.0,0.0,0.0,11.212596893310547,1.5562015771865845,-3.7292680740356445,0
10.28,forward,3.0,0.0,0.0,12.39234733581543,1.5565249919891357,-3.771773338317871,0
10.82,left,2.0,1.5,0.0,13.662047386169434,1.669999361038208,-3.837209939956665,0
11.36,left,2.0,1.5,0.0,14.817070960998535,2.072587728500366,-3.886451005935669,0
11.91,descend,0.0,0.0,1.0,15.772041320800781,2.547703504562378,-3.631067991256714,0
12.45,descend,0.0,0.0,1.0,16.299774169921875,2.8271334171295166,-3.2158219814300537,0
12.99,forward,3.0,0.0,0.0,16.804847717285156,2.949922800064087,-3.220047950744629,0
13.54,descend,0.0,0.0,1.0,17.55002212524414,3.0106329917907715,-2.9579434394836426,0
14.08,left,2.0,1.5,0.0,18.134923934936523,3.1708271503448486,-2.887564182281494,0
14.62,hover,0.0,0.0,0.0,18.735349655151367,3.4903578758239746,-2.9322187900543213,0
15.15,hover,0.0,0.0,0.0,19.077394485473633,3.686033010482788,-2.9777231216430664,0
15.7,hover,0.0,0.0,0.0,19.24603271484375,3.783754587173462,-2.9875946044921875,0
16.24,descend,0.0,0.0,1.0,19.337291717529297,3.836775779724121,-2.5801327228546143,0
16.81,ascend,0.0,0.0,-1.0,19.377269744873047,3.860018253326416,-2.778414726257324,0
17.37,left,2.0,1.5,0.0,19.50042152404785,3.9490036964416504,-3.0731709003448486,0
17.94,ascend,0.0,0.0,-1.0,19.87668800354004,4.2259440422058105,-3.5008957386016846,0
18.48,descend,0.0,0.0,1.0,20.15106773376465,4.428521633148193,-3.4448888301849365,0
19.04,right,2.0,-1.5,0.0,20.487070083618164,4.390161991119385,-3.2894623279571533,0
19.59,forward,3.0,0.0,0.0,21.215787887573242,4.108112335205078,-3.378594160079956,0
20.14,left,2.0,1.5,0.0,22.261337280273438,4.048724174499512,-3.472592830657959,0
20.68,hover,0.0,0.0,0.0,23.150100708007812,4.260026931762695,-3.576592206954956,0
21.22,ascend,0.0,0.0,-1.0,23.582962036132812,4.39361047744751,-4.076918601989746,0
21.77,right,2.0,-1.5,0.0,23.921499252319336,4.37221622467041,-4.326045989990234,0
22.31,right,2.0,-1.5,0.0,24.538787841796875,4.025236129760742,-4.407219886779785,0
22.85,left,2.0,1.5,0.0,25.358293533325195,3.7086181640625,-4.54274320602417,0
23.39,left,2.0,1.5,0.0,26.281721115112305,3.8646280765533447,-4.658089637756348,0
23.93,right,2.0,-1.5,0.0,27.252300262451172,4.091852188110352,-4.760317802429199,0
24.48,forward,3.0,0.0,0.0,28.321855545043945,4.003134250640869,-4.80397367477417,0
25.04,forward,3.0,0.0,0.0,29.58383560180664,3.922231674194336,-4.8218092918396,0
25.59,ascend,0.0,0.0,-1.0,30.688983917236328,3.8868117332458496,-5.347433090209961,0
26.14,forward,3.0,0.0,0.0,31.49978256225586,3.8696699142456055,-5.632877349853516,0
26.68,right,2.0,-1.5,0.0,32.48816680908203,3.750979423522949,-5.657172679901123,0
27.21,right,2.0,-1.5,0.0,33.50431442260742,3.3466973304748535,-5.671541690826416,0
27.77,descend,0.0,0.0,1.0,34.40239715576172,2.8629066944122314,-5.370696544647217,0
28.31,right,2.0,-1.5,0.0,35.01583480834961,2.482628107070923,-5.29624605178833,0
28.82,forward,3.0,0.0,0.0,35.84906768798828,2.0607736110687256,-5.3961029052734375,0
29.36,hover,0.0,0.0,0.0,36.7695198059082,1.817745327949524,-5.503307819366455,0
29.87,ascend,0.0,0.0,-1.0,37.23543167114258,1.7145814895629883,-6.013790607452393,0
30.38,descend,0.0,0.0,1.0,37.487579345703125,1.6599323749542236,-5.990541934967041,0
30.88,forward,3.0,0.0,0.0,37.90120315551758,1.6323668956756592,-5.871694087982178,0
31.39,ascend,0.0,0.0,-1.0,38.62183380126953,1.6226767301559448,-6.315462589263916,0
31.89,forward,3.0,0.0,0.0,39.255088806152344,1.618193507194519,-6.504289627075195,0
32.4,descend,0.0,0.0,1.0,40.0385627746582,1.6158970594406128,-6.148352146148682,0
32.91,right,2.0,-1.5,0.0,40.63678741455078,1.482142448425293,-6.046485424041748,0
33.42,hover,0.0,0.0,0.0,41.24269104003906,1.173668384552002,-6.072056770324707,0
33.92,descend,0.0,0.0,1.0,41.624752044677734,0.9636589288711548,-5.706510066986084,0
34.42,right,2.0,-1.5,0.0,41.984107971191406,0.728031575679779,-5.63901948928833,0
34.93,descend,0.0,0.0,1.0,42.49131393432617,0.3653600215911865,-5.326842308044434,0
35.43,left,2.0,1.5,0.0,42.950740814208984,0.3085911273956299,-5.297610282897949,0
35.94,hover,0.0,0.0,0.0,43.498634338378906,0.5337157845497131,-5.353674411773682,0
36.46,forward,3.0,0.0,0.0,44.04618453979492,0.6828674077987671,-5.468675136566162,0
37.0,forward,3.0,0.0,0.0,45.00979995727539,0.7581068873405457,-5.570826530456543,0
37.54,hover,0.0,0.0,0.0,46.0111083984375,0.7932469248771667,-5.6841959953308105,0
38.08,left,2.0,1.5,0.0,46.72209167480469,0.916443407535553,-5.756315231323242,0
38.61,right,2.0,-1.5,0.0,47.531341552734375,1.093483805656433,-5.859869003295898,0
39.14,forward,3.0,0.0,0.0,48.50632858276367,0.981746256351471,-5.918900966644287,0
39.67,left,2.0,1.5,0.0,49.65214157104492,1.0030760765075684,-6.001333236694336,0
40.21,forward,3.0,0.0,0.0,50.82025909423828,1.245922327041626,-6.020576000213623,0
40.75,ascend,0.0,0.0,-1.0,51.87025451660156,1.3872665166854858,-6.545661926269531,0
41.29,right,2.0,-1.5,0.0,52.59223937988281,1.3841708898544312,-6.8318352699279785,0
41.83,ascend,0.0,0.0,-1.0,53.24802780151367,1.1441583633422852,-7.28631067276001,0
42.36,hover,0.0,0.0,0.0,53.65108871459961,0.9661934971809387,-7.448923587799072,0
42.9,right,2.0,-1.5,0.0,54.01236343383789,0.7581779956817627,-7.497787952423096,0
43.43,left,2.0,1.5,0.0,54.65898895263672,0.5392700433731079,-7.631107807159424,0
43.98,right,2.0,-1.5,0.0,55.487361907958984,0.5164832472801208,-7.687522888183594,0
44.52,right,2.0,-1.5,0.0,56.41745376586914,0.1907092034816742,-7.738148212432861,0
45.07,left,2.0,1.5,0.0,57.378692626953125,-0.11453941464424133,-7.86536979675293,0
45.63,hover,0.0,0.0,0.0,58.22236633300781,-0.062615767121315,-7.982449531555176,0
46.34,right,2.0,-1.5,0.0,58.824951171875,-0.1087709367275238,-8.067777633666992,0
47.01,hover,0.0,0.0,0.0,59.43214797973633,-0.36383721232414246,-8.112025260925293,0
47.64,hover,0.0,0.0,0.0,59.77738571166992,-0.52870774269104,-8.153322219848633,0
48.19,hover,0.0,0.0,0.0,59.94755172729492,-0.6115481853485107,-8.161748886108398,0
48.74,forward,3.0,0.0,0.0,60.278621673583984,-0.6495988368988037,-8.348938941955566,0
49.34,descend,0.0,0.0,1.0,60.93700408935547,-0.6698495745658875,-8.08349323272705,0
49.88,hover,0.0,0.0,0.0,61.30686569213867,-0.6793674230575562,-7.970437049865723,0
50.42,left,2.0,1.5,0.0,61.63187789916992,-0.5661969184875488,-8.05836296081543,0
50.95,descend,0.0,0.0,1.0,62.11385726928711,-0.2748987674713135,-7.73269510269165,0
51.49,hover,0.0,0.0,0.0,62.37947463989258,-0.10752463340759277,-7.620063304901123,0
52.03,left,2.0,1.5,0.0,62.65749740600586,0.0869707316160202,-7.706344127655029,0
52.56,left,2.0,1.5,0.0,63.25657272338867,0.5272060036659241,-7.784730911254883,0
53.1,ascend,0.0,0.0,-1.0,63.90314865112305,1.0069706439971924,-8.257975578308105,0
53.64,ascend,0.0,0.0,-1.0,64.26337432861328,1.2762947082519531,-8.857176780700684,0
54.17,right,2.0,-1.5,0.0,64.577880859375,1.3279443979263306,-9.122627258300781,0
54.71,hover,0.0,0.0,0.0,65.03746795654297,1.1347968578338623,-9.136602401733398,0
55.24,hover,0.0,0.0,0.0,65.31251525878906,1.0012611150741577,-9.14654541015625,0
55.78,descend,0.0,0.0,1.0,65.46533966064453,0.925725519657135,-8.736475944519043,0
56.32,left,2.0,1.5,0.0,65.72481536865234,1.0344444513320923,-8.690062522888184,0
56.86,hover,0.0,0.0,0.0,66.18411254882812,1.3388077020645142,-8.750014305114746,0
57.37,right,2.0,-1.5,0.0,66.60735321044922,1.4037588834762573,-8.91086483001709,0
57.88,forward,3.0,0.0,0.0,67.35152435302734,1.195618987083435,-9.049467086791992,0
58.39,left,2.0,1.5,0.0,68.38693237304688,1.1648818254470825,-9.163150787353516,0
58.89,forward,3.0,0.0,0.0,69.50357818603516,1.3813395500183105,-9.193469047546387,0
59.39,right,2.0,-1.5,0.0,70.71875762939453,1.4117741584777832,-9.297418594360352,0
59.9,ascend,0.0,0.0,-1.0,71.6491470336914,1.1662108898162842,-9.841338157653809,0
60.4,right,2.0,-1.5,0.0,72.28466033935547,0.9110380411148071,-10.076732635498047,0
60.91,forward,3.0,0.0,0.0,73.12808227539062,0.5613569021224976,-10.130232810974121,0
61.41,left,2.0,1.5,0.0,74.21307373046875,0.4699714779853821,-10.238321304321289,0
61.92,descend,0.0,0.0,1.0,75.17369079589844,0.645137369632721,-9.976189613342285,0
62.42,hover,0.0,0.0,0.0,75.65303802490234,0.7593539953231812,-9.943305015563965,0
62.92,right,2.0,-1.5,0.0,76.02545166015625,0.6971195936203003,-10.052982330322266,0
63.43,left,2.0,1.5,0.0,76.67013549804688,0.5439254641532898,-10.182809829711914,0
63.93,hover,0.0,0.0,0.0,77.3545150756836,0.6637370586395264,-10.247450828552246,0
64.44,ascend,0.0,0.0,-1.0,77.6983642578125,0.753349781036377,-10.716753959655762,0
64.94,ascend,0.0,0.0,-1.0,77.85786437988281,0.7975905537605286,-11.251188278198242,0
65.44,hover,0.0,0.0,0.0,77.94375610351562,0.8216387629508972,-11.359152793884277,0
65.95,ascend,0.0,0.0,-1.0,77.98246002197266,0.8324918746948242,-11.763087272644043,0
66.45,left,2.0,1.5,0.0,78.12812805175781,0.9326023459434509,-12.017271041870117,0
66.96,right,2.0,-1.5,0.0,78.65817260742188,1.09575355052948,-12.164817810058594,0
67.46,left,2.0,1.5,0.0,79.43050384521484,1.0935616493225098,-12.229071617126465,0
67.97,left,2.0,1.5,0.0,80.32347106933594,1.4016033411026,-12.283537864685059,0
68.47,hover,0.0,0.0,0.0,81.1174087524414,1.8235955238342285,-12.374488830566406,0
68.97,descend,0.0,0.0,1.0,81.60143280029297,2.0981106758117676,-12.061359405517578,0
69.48,descend,0.0,0.0,1.0,81.8558120727539,2.244093656539917,-11.546710968017578,0
69.98,right,2.0,-1.5,0.0,82.15269470214844,2.163402557373047,-11.521671295166016,0
70.49,hover,0.0,0.0,0.0,82.626708984375,1.8711200952529907,-11.590089797973633,0
70.99,descend,0.0,0.0,1.0,82.9398193359375,1.6694104671478271,-11.239163398742676,0
71.49,ascend,0.0,0.0,-1.0,83.0778579711914,1.5797569751739502,-11.438688278198242,0
72.0,descend,0.0,0.0,1.0,83.14229583740234,1.5378071069717407,-11.471278190612793,0
72.5,ascend,0.0,0.0,-1.0,83.1740493774414,1.5171488523483276,-11.597015380859375,0
73.01,right,2.0,-1.5,0.0,83.31487274169922,1.4132212400436401,-11.871779441833496,0
73.51,left,2.0,1.5,0.0,83.84280395507812,1.24788498878479,-12.032681465148926,0
74.02,left,2.0,1.5,0.0,84.61784362792969,1.473017692565918,-12.135762214660645,0
74.52,descend,0.0,0.0,1.0,85.38511657714844,1.8543624877929688,-11.821722984313965,0
75.02,ascend,0.0,0.0,-1.0,85.7566909790039,2.0529186725616455,-12.06126594543457,0
75.53,forward,3.0,0.0,0.0,86.11353302001953,2.1441519260406494,-12.402067184448242,0
76.03,forward,3.0,0.0,0.0,86.96880340576172,2.1900296211242676,-12.560628890991211,0
76.54,forward,3.0,0.0,0.0,88.14722442626953,2.2124500274658203,-12.60538101196289,0
77.04,left,2.0,1.5,0.0,89.41612243652344,2.33555006980896,-12.669058799743652,0
77.55,hover,0.0,0.0,0.0,90.40960693359375,2.6381990909576416,-12.83906078338623,0
78.05,left,2.0,1.5,0.0,91.094482421875,2.937403917312622,-12.882184982299805,0
78.55,hover,0.0,0.0,0.0,91.74011993408203,3.3202292919158936,-12.939002990722656,0
79.06,ascend,0.0,0.0,-1.0,92.06287384033203,3.5222818851470947,-13.419073104858398,0
79.56,descend,0.0,0.0,1.0,92.2366714477539,3.6324713230133057,-13.38469123840332,0
80.07,forward,3.0,0.0,0.0,92.61283874511719,3.689177989959717,-13.270929336547852,0
80.57,ascend,0.0,0.0,-1.0,93.3218994140625,3.7114291191101074,-13.720724105834961,0
81.08,ascend,0.0,0.0,-1.0,93.74575805664062,3.721404552459717,-14.27005672454834,0
81.58,descend,0.0,0.0,1.0,93.98902893066406,3.726987838745117,-14.207009315490723,0
82.08,ascend,0.0,0.0,-1.0,94.11080932617188,3.729783535003662,-14.271645545959473,0
82.59,descend,0.0,0.0,1.0,94.16938018798828,3.731127977371216,-14.195444107055664,0
83.09,right,2.0,-1.5,0.0,94.3885726928711,3.5898818969726562,-14.039362907409668,0
83.6,descend,0.0,0.0,1.0,94.83374786376953,3.269071340560913,-13.677950859069824,0
84.1,forward,3.0,0.0,0.0,95.35968017578125,3.0900044441223145,-13.60329818725586,0
84.61,hover,0.0,0.0,0.0,96.10150909423828,3.005927324295044,-13.648128509521484,0
85.11,hover,0.0,0.0,0.0,96.53722381591797,2.9656691551208496,-13.695263862609863,0
85.61,forward,3.0,0.0,0.0,96.98836517333984,2.946106195449829,-13.820170402526855,0
86.12,hover,0.0,0.0,0.0,97.67818450927734,2.935352087020874,-13.867788314819336,0
86.62,descend,0.0,0.0,1.0,98.13247680664062,2.929330348968506,-13.512054443359375,0
87.13,right,2.0,-1.5,0.0,98.52664184570312,2.7878148555755615,-13.456598281860352,0
87.63,hover,0.0,0.0,0.0,99.03943634033203,2.47202730178833,-13.507397651672363,0
88.14,right,2.0,-1.5,0.0,99.48798370361328,2.166714668273926,-13.565309524536133,0
88.64,forward,3.0,0.0,0.0,100.25187683105469,1.776910424232483,-13.696474075317383,0
89.14,right,2.0,-1.5,0.0,101.28856658935547,1.436650037765503,-13.724690437316895,0
89.65,ascend,0.0,0.0,-1.0,102.14187622070312,1.0365705490112305,-14.22778034210205,0
90.15,left,2.0,1.5,0.0,102.73921966552734,0.8707085847854614,-14.54716682434082,0
90.66,ascend,0.0,0.0,-1.0,103.34373474121094,1.0393842458724976,-15.022344589233398,0
91.16,forward,3.0,0.0,0.0,103.8883285522461,1.1809014081954956,-15.252031326293945,0
91.67,hover,0.0,0.0,0.0,104.60921478271484,1.2609459161758423,-15.272204399108887,0
92.17,hover,0.0,0.0,0.0,105.03392791748047,1.3002495765686035,-15.303543090820312,0
92.67,right,2.0,-1.5,0.0,105.39461517333984,1.2024202346801758,-15.394684791564941,0
93.18,descend,0.0,0.0,1.0,105.89540100097656,0.9197714328765869,-15.07201099395752,0
93.68,left,2.0,1.5,0.0,106.35344696044922,0.8980150818824768,-15.016068458557129,0
94.19,descend,0.0,0.0,1.0,106.91712188720703,1.1334940195083618,-14.71156120300293,0
94.69,forward,3.0,0.0,0.0,107.49270629882812,1.2747900485992432,-14.662674903869629,0
95.2,hover,0.0,0.0,0.0,108.25292205810547,1.3435384035110474,-14.720429420471191,0
95.7,right,2.0,-1.5,0.0,108.84357452392578,1.2646987438201904,-14.7993745803833,0
96.2,hover,0.0,0.0,0.0,109.44630432128906,0.99034583568573,-14.842790603637695,0
96.71,descend,0.0,0.0,1.0,109.82691955566406,0.7983564734458923,-14.485235214233398,0
97.21,descend,0.0,0.0,1.0,110.02654266357422,0.6964026689529419,-13.959676742553711,0
97.72,left,2.0,1.5,0.0,110.30078887939453,0.795939028263092,-13.933476448059082,0
98.22,left,2.0,1.5,0.0,110.91415405273438,1.2084952592849731,-14.062947273254395,0
98.72,right,2.0,-1.5,0.0,111.73420715332031,1.5571624040603638,-14.24769115447998,0
99.23,left,2.0,1.5,0.0,112.65042114257812,1.6441360712051392,-14.31375789642334,0
99.73,descend,0.0,0.0,1.0,113.49607849121094,1.8756166696548462,-14.0230131149292,0
100.24,descend,0.0,0.0,1.0,113.9752197265625,2.026829719543457,-13.55960750579834,0
100.74,forward,3.0,0.0,0.0,114.4620361328125,2.0933916568756104,-13.553387641906738,0
101.25,descend,0.0,0.0,1.0,115.20123291015625,2.1253225803375244,-13.291276931762695,0
101.75,right,2.0,-1.5,0.0,115.78399658203125,2.006253957748413,-13.226033210754395,0
102.25,ascend,0.0,0.0,-1.0,116.3824691772461,1.6860383749008179,-13.69886302947998,0
102.76,forward,3.0,0.0,0.0,116.92140197753906,1.470772385597229,-13.953009605407715,0
103.26,forward,3.0,0.0,0.0,117.86510467529297,1.3570449352264404,-14.03312873840332,0
103.77,right,2.0,-1.5,0.0,119.01447296142578,1.1903516054153442,-14.062944412231445,0
104.27,right,2.0,-1.5,0.0,120.11329650878906,0.763245165348053,-14.090118408203125,0
104.78,left,2.0,1.5,0.0,121.1571273803711,0.40880241990089417,-14.238790512084961,0
105.28,forward,3.0,0.0,0.0,122.24313354492188,0.4272148907184601,-14.286479949951172,0
105.78,left,2.0,1.5,0.0,123.43929290771484,0.5852231383323669,-14.334373474121094,0
106.29,descend,0.0,0.0,1.0,124.44635009765625,0.8963863849639893,-14.087102890014648,0
106.79,forward,3.0,0.0,0.0,125.20037078857422,1.0730587244033813,-14.0586519241333,0
107.3,forward,3.0,0.0,0.0,126.25745391845703,1.1557749509811401,-14.121487617492676,0
107.8,hover,0.0,0.0,0.0,127.30162048339844,1.1955242156982422,-14.24739933013916,0
108.31,ascend,0.0,0.0,-1.0,127.8181381225586,1.2118935585021973,-14.776739120483398,0
108.81,forward,3.0,0.0,0.0,128.2615966796875,1.220122218132019,-15.03182315826416,0
109.31,descend,0.0,0.0,1.0,128.9470672607422,1.224960207939148,-14.724708557128906,0
109.82,left,2.0,1.5,0.0,129.507080078125,1.361679196357727,-14.621319770812988,0
110.32,left,2.0,1.5,0.0,130.24496459960938,1.7839518785476685,-14.660948753356934,0
110.83,hover,0.0,0.0,0.0,130.96432495117188,2.260305404663086,-14.734028816223145,0
111.33,ascend,0.0,0.0,-1.0,131.32064819335938,2.5037615299224854,-15.225954055786133,0
111.83,descend,0.0,0.0,1.0,131.51263427734375,2.6362345218658447,-15.194047927856445,0
112.34,left,2.0,1.5,0.0,131.79678344726562,2.843813896179199,-15.03311538696289,0
112.84,right,2.0,-1.5,0.0,132.41836547851562,3.0708818435668945,-15.13793659210205,0
113.35,descend,0.0,0.0,1.0,133.11940002441406,3.005835771560669,-14.82897663116455,0
113.85,descend,0.0,0.0,1.0,133.53298950195312,2.941157102584839,-14.300201416015625,0
114.36,ascend,0.0,0.0,-1.0,133.70541381835938,2.9121036529541016,-14.4789400100708,0
114.86,left,2.0,1.5,0.0,133.90452575683594,2.9919869899749756,-14.798503875732422,0
115.36,descend,0.0,0.0,1.0,134.3121337890625,3.2562172412872314,-14.525374412536621,0
115.87,hover,0.0,0.0,0.0,134.5462646484375,3.4125704765319824,-14.411041259765625,0
116.37,hover,0.0,0.0,0.0,134.65721130371094,3.4872851371765137,-14.404182434082031,0
116.88,left,2.0,1.5,0.0,134.86697387695312,3.641054391860962,-14.528546333312988,0
117.38,hover,0.0,0.0,0.0,135.28314208984375,3.950079917907715,-14.55562973022461,0
117.88,right,2.0,-1.5,0.0,135.685791015625,4.015300273895264,-14.702011108398438,0
118.39,ascend,0.0,0.0,-1.0,136.21255493164062,3.782905101776123,-15.176263809204102,0
118.89,hover,0.0,0.0,0.0,136.55477905273438,3.6078085899353027,-15.331100463867188,0
119.4,hover,0.0,0.0,0.0,136.73406982421875,3.5147578716278076,-15.318946838378906,0
119.9,right,2.0,-1.5,0.0,136.97535705566406,3.352532386779785,-15.423574447631836,0
120.41,ascend,0.0,0.0,-1.0,137.43026733398438,3.020888328552246,-15.88558292388916,0
